job_id,slug,title,organization,closing_date,status,published_to_site,source_url,source_url_status,apply_url,apply_url_status,contains_html,is_duplicate,validation_errors,validation_warnings,confidence,recommended_action
ebfde84d-0935-4aa6-b152-2e81c0f5ddac,district-panchayat-kabirdham-accounts-cum-mis-assistant-recruitment-2026-apply-o-ad3a3a86,District Panchayat Kabirdham Accounts cum MIS Assistant Recruitment 2026 - Apply Offline,District Panchayat Kabirdham,2030-01-17,live,False,https://cdn.s3waas.gov.in/s328dd2c7955ce926456240b2ff0100bde/uploads/2026/03/17740041096394.pdf,200,,missing,False,False,Publication date is in the future | Deadline is implausibly far in the future,Missing apply URL,90,needs_review
bb5ec4f1-a961-420c-9411-563a3e452caf,rcfl-recruitment-2026-apply-offline-for-46-honorary-doctors-panel-doctors-posts-24e22df2,RC Fl Recruitment 2026 - Apply Offline for 46 Honorary Doctors & Panel Doctors Posts,RCFl,2029-12-31,live,False,https://www.rcfltd.com/files/Hon%20Doctors%20and%20Panel%20Doctors%20Advtg.pdf,error:ConnectError,,missing,False,False,Publication date is in the future | Deadline is implausibly far in the future,Missing apply URL,90,needs_review
06131267-8a15-4245-8496-c990cdc49d5a,22nd-april-202647th-post-graduate-diploma-course-in-advanced-wildlife-management-c0ea9cdc,"22nd April 202647th Post-Graduate Diploma Course in Advanced Wildlife Management (Sept, 2026 to June, 2027)",Wii,2027-06-30,live,False,https://www.wii.gov.in/news/47th-pg-diploma-advanced-wildlife-management,200,https://www.wii.gov.in/news/47th-pg-diploma-advanced-wildlife-management,200,False,False,Publication date is in the future | Completeness score 66 below 70,Vacancy count is not specified,95,needs_review
9ef69c5c-461a-465f-a746-4c6e9d2ca967,esic-employees-state-insurance-corporation-rolling-advertisement-no-08-of-2026-r-12c28401,Rolling Advertisement No. 08 of 2026 - Recruitment of Teaching Faculties/SR-3 Years/SR-1 Year in ESIC Hospital Bibvewadi Pune and Medical Officers at DCBOs,ESIC — Employees' State Insurance Corporation,2026-08-13,live,False,https://bibvewadihospital.esic.gov.in,error:ConnectError,https://bibvewadihospital.esic.gov.in,error:ConnectError,False,False,Publication date is in the future | Completeness score 66 below 70,Vacancy count is not specified,95,needs_review
e9be41cb-d407-4c2f-a60e-b40907df3015,esic-employees-state-insurance-corporation-walk-in-interview-for-recruitment-of--dc939bc1,Walk in interview for recruitment of Teaching Faculty and Senior Residents on Contract basis,ESIC — Employees' State Insurance Corporation,2026-08-08,live,True,https://www.esic.gov.in/attachments/recruitmentfile/Walk_in_interview_for_recruitment_of_Teaching_Faculty_and_Senior_Residents_on_Contract_basis_1785742551.pdf,error:ConnectError,,missing,False,False,,Missing apply URL,90,needs_review
4f61533b-28c0-4647-a432-a427a2e7965a,bobcaps-business-development-manager-recruitment-2026-apply-online-cd153f44,BOBCAPS Business Development Manager Recruitment 2026 - Apply Online,BOBCAPS,2027-01-31,live,True,https://www.bobcaps.in/media/brnj1qpq/opening-for-business-development-manager-role-at-bob-capital-as-off-roll-employee.pdf,200,,missing,False,False,,Missing apply URL | Vacancy count is not specified,85,manual_review
dda42dc1-9928-437a-8602-e0eae032f297,esic-employees-state-insurance-corporation-walk-in-interview-to-engage-specialis-4cd797a4,"Walk in interview to engage specialists , senior residents & Jr/ Sr on contract basis in ESIC Hospital Bikaner Rajasthan",ESIC — Employees' State Insurance Corporation,2026-08-20,live,True,https://www.esic.nic.in/recruitments,error:ConnectError,https://www.esic.nic.in/recruitments,error:ConnectError,False,False,,Vacancy count is not specified,95,needs_review
efbb5a47-8007-47db-95f3-e2dfe97b664e,navodaya-notice-for-empanelment-and-engagement-of-hostel-superintendents-female--91661945,📢 NOTICE FOR EMPANELMENT AND ENGAGEMENT OF HOSTEL SUPERINTENDENTS (FEMALE) ON CONTRACT BASIS IN JNVs UNDER CHANDIGARH REGION FOR THE SESSION 2026-27,Navodaya,2026-08-10,live,True,https://navodaya.gov.in/nvs/ro/Chandigarh/en/home/,200,https://navodaya.gov.in/nvs/ro/Chandigarh/en/home/,200,False,False,,Vacancy count is not specified,95,keep_active
ec69fa1a-c551-484d-9856-f4fd46c0c69e,cmho-raigarh-recruitment-2026-apply-offline-for-dresser-pharmacist-and-more-post-419f0814,"CMHO Raigarh Recruitment 2026 - Apply Offline for Dresser, Pharmacist and More Posts",CMHO Raigarh,2026-08-28,live,True,https://cdn.s3waas.gov.in/s351d92be1c60d1db1d2e5e7a07da55b26/uploads/2026/05/17793514627901.pdf,200,,missing,False,False,,Missing apply URL | Vacancy count is not specified,85,manual_review
39821b8c-c5cc-4602-a34e-192a3009b248,paradip-port-authority-deputy-chief-engineer-recruitment-2026-apply-online-e9637f42,Paradip Port Authority Deputy Chief Engineer Recruitment 2026 - Apply Online,Paradip Port Authority,2026-09-30,live,True,https://paradipport.gov.in,200,,missing,False,False,,Missing apply URL,90,keep_active
af27d0c6-82bf-45a7-a1c8-849e20d39300,cen-02-2026-technicians-click-to-know-update-b7d8ad0a,RRB CEN 02/2026 Technicians Recruitment — Apply Online,Railway Recruitment Board (RRB) — Mumbai,2026-08-10,live,True,https://rrbmumbai.gov.in/CEN-02-2026-TECHNICIANS.php,200,https://rrbmumbai.gov.in/CEN-02-2026-TECHNICIANS.php,200,False,False,,,100,keep_active
2981584b-3548-496c-9895-08ce895d6cc1,institute-of-banking-personnel-selection-ibps-crp-csa-xvi-posted-on-01-aug-2026--8e679c17,"CRP-CSA-XVI Posted on 01 Aug, 2026 Notification for Common Recruitment Process for CRP-CSA-XVI",Institute of Banking Personnel Selection (IBPS),2026-08-21,live,False,https://cgrs.ibps.in,200,https://cgrs.ibps.in,200,False,False,Completeness score 66 below 70,Vacancy count is not specified,95,needs_review
cb11616a-272c-4b75-b3d7-b518dac339f4,isro-careers-advt-no-nrsc-rmt-1-2026-dated-01-08-2026-recruitment-to-the-post-of-521d6338,"Advt. No. NRSC/RMT/1/2026 Dated.01.08.2026 Recruitment to the post of Temporary Research Personnel (Research Scientist,Project Associate-I,Project Associate-II,Project Scientist-I,Project Scientist-B,Junior Research Fellow )",ISRO — Careers,2026-08-21,live,True,https://www.isro.gov.in/NRSCRecruitment2026_1.html,200,https://www.isro.gov.in/NRSCRecruitment2026_1.html,200,False,False,,,100,keep_active
80bb3d89-ae00-4810-88e9-4746f040ae12,institute-of-banking-personnel-selection-ibps-crp-csa-xvi-posted-on-01-aug-2026--818e7656,"CRP-CSA-XVI Posted on 01 Aug, 2026 Apply Online for Common Recruitment Process under CRP-CSA-XVI",Institute of Banking Personnel Selection (IBPS),2026-08-21,live,False,https://www.ibps.in/index.php/clerical-cadre-xvi/,error:ConnectError,https://www.ibps.in/index.php/clerical-cadre-xvi/,error:ConnectError,False,False,Completeness score 66 below 70,Vacancy count is not specified,95,needs_review
593c252d-23c1-4ba1-a1ad-cd1c75feb98f,isro-careers-advt-no-isro-icrb-02-emc-cepo-2026-dated-28-07-2026-recruitment-to--d96680f7,Advt. No. ISRO:ICRB:02(EMC-CEPO):2026 dated 28-07-2026 Recruitment to the post of Scientist/Engineers 'SC',ISRO — Careers,2026-08-19,live,True,https://www.isro.gov.in/ICRB_Recruitment12.html,200,https://www.isro.gov.in/ICRB_Recruitment12.html,200,False,False,,,100,keep_active
2d6cbe80-3058-4126-9eee-40b020764a8d,isro-careers-advt-no-icrb-01-a-jpa-2026-dated-27-07-2026-recruitment-to-the-post-2d095791,"ADVT. NO. ICRB:01(A-JPA):2026 dated 27-07-2026 - Recruitment to the post of Assistants, Junior Personal Assistants, Upper Division Clerk and Stenographers",ISRO — Careers,2026-08-16,live,True,https://www.isro.gov.in/ICRB_Recruitment11.html,200,https://www.isro.gov.in/ICRB_Recruitment11.html,200,False,False,,,100,keep_active
c9c5f62b-4eaa-45de-bf85-0dcdc0ae44a1,mppsc-recruitment-2026-apply-online-for-06-iaeo-aao-and-more-posts-9bc6da58,"MPPSC Recruitment 2026 - Apply Online for 06 IAEO, AAO and More Posts",MPPSC,2026-09-03,live,True,https://mppsc.mp.gov.in/,200,https://www.mponline.gov.in/portal/,error:ConnectError,False,False,Job has not been verified | Completeness score 66 below 70,,100,needs_review
9ca5521b-450b-44b0-a359-5cd9f1827594,isro-careers-advt-no-01-2026-dated-25-07-2026-recruitment-to-the-post-of-adminis-4382678f,"ADVT. NO. 01/2026 dated 25-07-2026 - Recruitment to the post of Administrative Officer, Accounts Officer, Purchase and Stores Officer",ISRO — Careers,2026-08-24,live,True,https://www.isro.gov.in/PRLRecruitment7.html,200,https://www.isro.gov.in/PRLRecruitment7.html,200,False,False,,,100,keep_active
743c06ed-5e2c-41c7-ab43-36f85a5cc38b,dccbapplication-for-the-post-of-manager-staff-assistant24-jul-202607-aug-2026-e122e9d8,DCCB Application for the Post of Manager/Staff Assistant,Institute of Banking Personnel Selection (IBPS),2026-08-07,live,True,https://ibpsreg.ibps.in/dccbmay26/,500,https://ibpsreg.ibps.in/dccbmay26/,500,False,False,Job has not been verified | Completeness score 59 below 70,Vacancy count is not specified,95,needs_review
db86fb83-215c-402f-bbff-187997386ad5,mha-2-filling-up-of-two-02-posts-of-upper-division-clerk-udc-on-deputation-basis-ccb296eb,2 Filling up of two (02) posts of Upper Division Clerk (UDC) on deputation basis in the Office of the Custodian of Enemy,Mha,2026-08-28,live,True,https://www.mha.gov.in/sites/default/files/VacancyUDC_31072026.PDF,403,,missing,False,False,,Missing apply URL,90,needs_review
e74ac05c-5309-40cf-adf3-8daff9e02cd2,recruitment-online-applications-are-invited-from-eligible-candidates-for-filling-62abc909,"Recruitment : Online applications are invited from eligible candidates for filling up the following Group ‘B’ posts (Para-medical) in Bhabha Atomic Research Centre (BARC), Mumbai and Radiation Medicine Research Centre (RMRC), Kolkata through Direct Recruitment",Bhabha Atomic Research Centre (BARC),2026-08-18,live,True,http://www.barc.gov.in/careers/vacancy21.pdf,200,,missing,False,False,,Missing apply URL,90,keep_active
1a0720da-c31f-4c63-861e-6aa7802d0127,isro-careers-advt-no-nesac-rmt-temp-wi-02-2026-dated-17-07-2026-recruitment-for--d93d4252,"ADVT. NO.NESAC/RMT-TEMP/WI-02/2026 dated 17.07.2026 - Recruitment for the positions of Research Scientists, Junior Research Fellows and Project Associate - I",ISRO — Careers,2026-08-10,live,False,https://nesac.gov.in/category/career/,200,https://nesac.gov.in/category/career/,200,False,False,Completeness score 66 below 70,Vacancy count is not specified,95,needs_review
e4d65895-f3fb-4bef-a8b7-96da526c933e,3-cen-03-2026-14-07-2026-notice-detailed-centralized-employment-notice-no-03-202-da655950,3 CEN 03/2026 14-07-2026 Notice Detailed Centralized Employment Notice No 03/2026 English Version,Rrbajmer,2026-08-26,live,True,https://www.rrbajmer.gov.in/Upload_PDF/FINAL%20CEN%2003_2026_SECTION%20CONTROLLER-639196630071828120.pdf,error:ConnectError,,missing,False,False,,Missing apply URL,90,needs_review
b1b5a981-c103-4310-a496-6bce526ea831,icar-crri-senior-research-fellow-recruitment-2026-walkin-8daedfe1,ICAR CRRI Senior Research Fellow Recruitment 2026 - Walkin,ICAR CRRI,2026-09-30,live,True,https://icar-crri.in/wp-content/uploads/2026/06/EAP-245.pdf,200,,missing,False,False,,Missing apply URL,90,keep_active
8984fcc2-4b5f-4a94-a4f7-99e79a325736,tezpur-university-project-assistant-recruitment-2026-walkin-58554281,Tezpur University Project Assistant Recruitment 2026 - Walkin,Tezpur University,2027-03-31,live,True,https://www.tezu.ernet.in/ProjectWalkin/20-623Hin-Eng.pdf,200,,missing,False,False,,Missing apply URL,90,keep_active
5aaff605-8801-4455-bb34-a1ab6b8ef8bd,tezpur-university-junior-research-fellow-recruitment-2026-apply-online-96f771fe,Tezpur University Junior Research Fellow Recruitment 2026 - Apply Online,Tezpur University,2027-08-13,live,True,https://www.tezu.ernet.in/ProjectWalkin/20-619Hin-Eng.pdf,200,,missing,False,False,Deadline is implausibly far in the future | Job has not been verified,Missing apply URL,90,needs_review
6e099dfd-1ddf-46c5-8aa1-66d11e850613,nhm-chandigarh-medical-specialists-recruitment-2026-walkin-2d586198,NHM Chandigarh Medical Specialists Recruitment 2026 - Walkin,NHM Chandigarh,2027-03-31,live,True,http://nrhmchd.gov.in/cadmin/uploads/filemanagers/1780486049.pdf,error:ConnectTimeout,,missing,False,False,,Missing apply URL,90,needs_review
c4470c8d-76bf-47aa-bf56-ddd08d39ecfb,dfpd-recruitment-2026-apply-offline-for-joint-director-and-deputy-director-posts-f8babdb6,DFPD Recruitment 2026 - Apply Offline for Joint Director and Deputy Director Posts,DFPD,2026-08-16,live,True,https://dfpd.gov.in,200,,missing,False,False,,Missing apply URL,90,keep_active
bd704dec-d6f0-4558-bed9-aa862b3785fc,iiser-mohali-non-faculty-recruitment-2026-apply-online-for-40-attendant-junior-e-5b557ef4,"IISER Mohali Non Faculty Recruitment 2026 - Apply Online for 40 Attendant, Junior Engineer and More Posts",IISER Mohali,2026-09-27,live,True,https://erp.iisermohali.ac.in/OnlineRecruitmentApplicationIISERM.action,200,https://erp.iisermohali.ac.in/OnlineRecruitmentApplicationIISERM.action,200,False,False,,,100,keep_active
c4e3f1da-208f-4742-9332-a8df4154143a,iit-madras-assistant-professor-recruitment-2026-apply-online-for-40-posts-527824e5,IIT Madras Assistant Professor Recruitment 2026 - Apply Online for 40 Posts,IIT Madras,2026-10-15,live,True,https://facapp.iitm.ac.in/img/Advertisement_RA-2026.pdf,200,https://facapp.iitm.ac.in,200,False,False,,,100,keep_active
