"slug","title","organization","vacancies","deadline","apply_url","notification_pdf_url"
"esic-employees-state-insurance-corporation-3-esic-medical-college-and-hospital-r-5a69dc12","3 ESIC MEDICAL COLLEGE AND HOSPITAL RAJAJI NAGAR BANGALORE RECRUITMENT OF TEACHING FACULTY ON CONTRACTUAL BASIS FOR THE","ESIC — Employees' State Insurance Corporation","17","2026-10-06","https://www.esic.gov.in/recruitments","https://www.esic.gov.in/attachments/recruitmentfile/ROLLING_ADVERTISEMENT_1785842107.pdf"
"staff-selection-commission-ssc-notice-of-combined-higher-secondary-10-2-level-ex-9b90b9f2","Notice of Combined Higher Secondary (10+2) Level Examination, 2026","Staff Selection Commission (SSC)","2536","2026-10-07","https://ssc.gov.in","https://ssc.gov.in/api/attachment/uploads/masterData/NoticeBoards/Notice_of_adv_chsle_2026.pdf"
"mineral-exploration-and-consultancy-limited-mecl-mecl-non-executive-posts-techni-699116e9","MECL non-executive posts — Technician, Assistant and others (Advt 03/Rectt./2026)","Mineral Exploration and Consultancy Limited (MECL)","121","2026-10-11","https://www.mecl.co.in/Careers.aspx","https://www.mecl.co.in/writereaddata/meclpdf/Final_Advt_03R26.pdf"
"iit-madras-assistant-professor-recruitment-2026-apply-online-for-40-posts-527824e5","IIT Madras Assistant Professor Recruitment 2026 - Apply Online for 40 Posts","IIT Madras","40","2026-10-15","https://facapp.iitm.ac.in","https://facapp.iitm.ac.in/img/Advertisement_RA-2026.pdf"
"recruitment-advertisement-for-scientific-officer-physics-2026-adv-no-05-2026-dat-a9e73cef","Recruitment Advertisement for Scientific Officer Physics 2026 (Adv No./05/2026), Dated 16/03/2026","Madhya Pradesh PSC (MPPSC)","1","2026-10-28","https://mppsc.mp.gov.in/uploads/advertisement/Advt_Scientific_Officer_Physics_2026_Dated_16_03_2026.pdf","https://mppsc.mp.gov.in/uploads/advertisement/Advt_Scientific_Officer_Physics_2026_Dated_16_03_2026.pdf"
"recruitment-advertisement-for-scientific-officer-biology-2026-adv-no-07-2026-dat-e221204c","Recruitment Advertisement for Scientific Officer Biology 2026 (Adv No./07/2026), Dated 16/03/2026","Madhya Pradesh PSC (MPPSC)","1","2026-10-28","https://mppsc.mp.gov.in/uploads/advertisement/Advt_Scientific_Officer_Biology_2026_Dated_16_03_2026.pdf","https://mppsc.mp.gov.in/uploads/advertisement/Advt_Scientific_Officer_Biology_2026_Dated_16_03_2026.pdf"
"recruitment-advertisement-for-assistant-director-farmer-welfare-and-agriculture--2e71db25","Recruitment Advertisement for Assistant Director, Farmer Welfare and Agriculture Development Department (Field and Extension) 2025 (Advt. No. 35/2025), Dated 31/12/2025","Madhya Pradesh PSC (MPPSC)","1","2026-11-12","https://mppsc.mp.gov.in/uploads/advertisement/Advt_AD_Farmer_Welfare_Agri_Dev_Dept_Field_Extension_Exam_2025_Dated_31_12_2025.pdf","https://mppsc.mp.gov.in/uploads/advertisement/Advt_AD_Farmer_Welfare_Agri_Dev_Dept_Field_Extension_Exam_2025_Dated_31_12_2025.pdf"
"recruitment-advertisement-for-scientific-officer-chemistry-2026-adv-no-06-2026-d-a99adcda","Recruitment Advertisement for Scientific Officer Chemistry 2026 (Adv No./06/2026), Dated 16/03/2026","Madhya Pradesh PSC (MPPSC)","1","2026-11-12","http://www.mppsc.mp.gov.in/","https://mppsc.mp.gov.in/uploads/advertisement/Advt_Scientific_Officer_Chemistry_2026_Dated_16_03_2026.pdf"
"tezpur-university-project-assistant-recruitment-2026-walkin-58554281","Tezpur University Project Assistant Recruitment 2026 - Walkin","Tezpur University","31","2027-03-31","","https://www.tezu.ernet.in/ProjectWalkin/20-623Hin-Eng.pdf"
"nhm-chandigarh-medical-specialists-recruitment-2026-walkin-2d586198","NHM Chandigarh Medical Specialists Recruitment 2026 - Walkin","NHM Chandigarh","6","2027-03-31","","http://nrhmchd.gov.in/cadmin/uploads/filemanagers/1780486049.pdf"
