"DeadlineStatus","Title","Organization","Vacancies","LastDate","ApplyUrl","NotificationPdf"
"Deadline not passed","3 ESIC MEDICAL COLLEGE AND HOSPITAL RAJAJI NAGAR BANGALORE RECRUITMENT OF TEACHING FACULTY ON CONTRACTUAL BASIS FOR THE","ESIC — Employees' State Insurance Corporation","17","2026-10-06","https://www.esic.gov.in/recruitments","https://www.esic.gov.in/attachments/recruitmentfile/ROLLING_ADVERTISEMENT_1785842107.pdf"
"Deadline not passed","MECL non-executive posts — Technician, Assistant and others (Advt 03/Rectt./2026)","Mineral Exploration and Consultancy Limited (MECL)","121","2026-10-11","https://www.mecl.co.in/Careers.aspx","https://www.mecl.co.in/writereaddata/meclpdf/Final_Advt_03R26.pdf"
"Expired but marked live","Notice of Sub-Inspector in Delhi Police and Central Armed Police Forces Examination, 2026","Staff Selection Commission (SSC)","0","2026-09-30","https://ssc.gov.in","https://ssc.gov.in/api/attachment/uploads/masterData/NoticeBoards/Notice_of_adv_capf_2026.pdf"
"Expired but marked live","Inviting online applications for the posts of Junior Research Fellows, Research Associate and Project Scientist-I","ISRO — Careers","48","2026-09-30","https://career.sac.gov.in","https://www.isro.gov.in/media_isro/pdf/recruitmentNotice/2026/Sept/SAC_02_2026_dated_09092026.pdf"
"Deadline not passed","Notice of Combined Higher Secondary (10+2) Level Examination, 2026","Staff Selection Commission (SSC)","0","2026-10-07","https://ssc.gov.in","https://ssc.gov.in/api/attachment/uploads/masterData/NoticeBoards/Notice_of_adv_chsle_2026.pdf"
"Expired but marked live","CONCOR Management Trainee and Accounts Officer — 18 Aug 2026 (77 posts)","Container Corporation of India Limited (CONCOR)","77","2026-09-30","https://www.concorindia.co.in","https://cms.concorindia.co.in:8000/uploads/cms/pdf/Asf6Xc3Mnw5BWdp_FinalAdvertisement-18thAug2026(Published).pdf"
"Expired but marked live","Paradip Port Authority Deputy Chief Engineer Recruitment 2026 - Apply Online","Paradip Port Authority","18","2026-09-30","https://paradipport.gov.in","https://paradipport.gov.in/Writereaddata/Career/Dy%20CE_18052026.pdf"
"Expired but marked live","ICAR CRRI Senior Research Fellow Recruitment 2026 - Walkin","ICAR CRRI","2","2026-09-30","https://icar-crri.in/wp-content/uploads/2026/06/EAP-245.pdf","https://icar-crri.in/wp-content/uploads/2026/06/EAP-245.pdf"
"Deadline not passed","Tezpur University Project Assistant Recruitment 2026 - Walkin","Tezpur University","31","2027-03-31","https://www.tezu.ernet.in/ProjectWalkin/20-623Hin-Eng.pdf","https://www.tezu.ernet.in/ProjectWalkin/20-623Hin-Eng.pdf"
"Deadline not passed","NHM Chandigarh Medical Specialists Recruitment 2026 - Walkin","NHM Chandigarh","6","2027-03-31","http://nrhmchd.gov.in/cadmin/uploads/filemanagers/1780486049.pdf","http://nrhmchd.gov.in/cadmin/uploads/filemanagers/1780486049.pdf"
"Deadline not passed","Recruitment Advertisement for Scientific Officer Physics 2026 (Adv No./05/2026), Dated 16/03/2026","Madhya Pradesh PSC (MPPSC)","1","2026-10-28","https://mppsc.mp.gov.in/uploads/advertisement/Advt_Scientific_Officer_Physics_2026_Dated_16_03_2026.pdf","https://mppsc.mp.gov.in/uploads/advertisement/Advt_Scientific_Officer_Physics_2026_Dated_16_03_2026.pdf"
"Deadline not passed","Recruitment Advertisement for Scientific Officer Biology 2026 (Adv No./07/2026), Dated 16/03/2026","Madhya Pradesh PSC (MPPSC)","1","2026-10-28","https://mppsc.mp.gov.in/uploads/advertisement/Advt_Scientific_Officer_Biology_2026_Dated_16_03_2026.pdf","https://mppsc.mp.gov.in/uploads/advertisement/Advt_Scientific_Officer_Biology_2026_Dated_16_03_2026.pdf"
"Deadline not passed","Recruitment Advertisement for Scientific Officer Chemistry 2026 (Adv No./06/2026), Dated 16/03/2026","Madhya Pradesh PSC (MPPSC)","1","2026-11-12","http://www.mppsc.mp.gov.in/","https://mppsc.mp.gov.in/uploads/advertisement/Advt_Scientific_Officer_Chemistry_2026_Dated_16_03_2026.pdf"
"Deadline not passed","IIT Madras Assistant Professor Recruitment 2026 - Apply Online for 40 Posts","IIT Madras","40","2026-10-15","https://facapp.iitm.ac.in","https://facapp.iitm.ac.in/img/Advertisement_RA-2026.pdf"
"Deadline not passed","Recruitment Advertisement for Assistant Director, Farmer Welfare and Agriculture Development Department (Field and Extension) 2025 (Advt. No. 35/2025), Dated 31/12/2025","Madhya Pradesh PSC (MPPSC)","1","2026-11-12","https://mppsc.mp.gov.in/uploads/advertisement/Advt_AD_Farmer_Welfare_Agri_Dev_Dept_Field_Extension_Exam_2025_Dated_31_12_2025.pdf","https://mppsc.mp.gov.in/uploads/advertisement/Advt_AD_Farmer_Welfare_Agri_Dev_Dept_Field_Extension_Exam_2025_Dated_31_12_2025.pdf"
